Workbook

Sheet START HERE
A1: Cross-listing Review Template — eBay Preparation
A3: Purpose | B3: Use this workbook as a controlled review queue. Add a source product URL, run the supplied Google Apps Script, verify every extracted field, then transfer approved rows into the current Seller Hub listing template or a separately authenticated API workflow.
A4: Important limitation | B4: This file prepares listings but does not publish them. Do not use the placeholder titles or example.com image URLs from the original CSV as listing content.
A5: Step 1 | B5: Upload this .xlsx file to Google Drive and open it with Google Sheets. Keep UPC and SKU columns formatted as plain text.
A6: Step 2 | B6: Open Extensions → Apps Script, replace the default file with the supplied Code.gs, and save. Then reload the sheet to enable the Cross-listing menu.
A7: Step 3 | B7: In Listings, add a permitted source URL for each item. Use Cross-listing → Enrich selected rows. The script requests standardized metadata and writes only into the matching row.
A8: Step 4 | B8: Confirm condition, item specifics, category, accurate price, inventory quantity, images, and every seller policy. Change Review Status to Approved only after the row passes review.
A9: Step 5 | B9: Use eBay Upload Review as a staging export. Before any upload, download the current category-specific template from Seller Hub and map these reviewed values into it. Required columns vary by marketplace and category.
A12: Workbook tabs
A13: Listings | B13: Working records. Complete only verified data and use its Ready Check field.
A14: Reference Lists | B14: Editable dropdown choices and default values.
A15: eBay Upload Review | B15: Approved-row staging table to map into the latest category-specific eBay template.

Sheet Listings
A1: Review Status | B1: Source URL | C1: SKU | D1: UPC | E1: Listing Title | F1: Condition | G1: Condition Description | H1: Category ID | I1: Category Name | J1: Brand / Studio | K1: Format | L1: Region Code | M1: Release Year | N1: Director / Key Cast | O1: MPN | P1: Price (USD) | Q1: Quantity | R1: Description | S1: Image URL 1 | T1: Image URL 2 | U1: Image URL 3 | V1: Image URL 4 | W1: Fulfillment Policy ID | X1: Return Policy ID | Y1: Payment Policy ID | Z1: Merchant Location Key | AA1: Ready Check | AB1: Review Notes | AC1: Last Extracted | AD1: Extraction Status | AE1: Legacy Placeholder Title (reference only) | AF1: Legacy Placeholder Image URL (reference only)
A2: Needs Source URL | C2: DVD-012236043904 | D2: 012236043904 | F2: Good | K2: DVD | L2: Unknown | Q2: 1 | AA2: =IF(AND(A2="Approved",B2<>"",E2<>"",F2<>"",H2<>"",P2>0,Q2>0,R2<>"",S2<>"",W2<>"",X2<>"",Y2<>"",Z2<>""),"READY","NOT READY") | AD2: Not run | AE2: DVD Title for UPC 012236043904 | AF2: https://example.com/images/012236043904.jpg
A3: Needs Source URL | C3: DVD-012236044000 | D3: 012236044000 | F3: Good | K3: DVD | L3: Unknown | Q3: 1 | AA3: =IF(AND(A3="Approved",B3<>"",E3<>"",F3<>"",H3<>"",P3>0,Q3>0,R3<>"",S3<>"",W3<>"",X3<>"",Y3<>"",Z3<>""),"READY","NOT READY") | AD3: Not run | AE3: DVD Title for UPC 012236044000 | AF3: https://example.com/images/012236044000.jpg
A4: Needs Source URL | C4: DVD-012236046905 | D4: 012236046905 | F4: Good | K4: DVD | L4: Unknown | Q4: 1 | AA4: =IF(AND(A4="Approved",B4<>"",E4<>"",F4<>"",H4<>"",P4>0,Q4>0,R4<>"",S4<>"",W4<>"",X4<>"",Y4<>"",Z4<>""),"READY","NOT READY") | AD4: Not run | AE4: DVD Title for UPC 012236046905 | AF4: https://example.com/images/012236046905.jpg
A5: Needs Source URL | C5: DVD-012236047407 | D5: 012236047407 | F5: Good | K5: DVD | L5: Unknown | Q5: 1 | AA5: =IF(AND(A5="Approved",B5<>"",E5<>"",F5<>"",H5<>"",P5>0,Q5>0,R5<>"",S5<>"",W5<>"",X5<>"",Y5<>"",Z5<>""),"READY","NOT READY") | AD5: Not run | AE5: DVD Title for UPC 012236047407 | AF5: https://example.com/images/012236047407.jpg
A6: Needs Source URL | C6: DVD-012236047506 | D6: 012236047506 | F6: Good | K6: DVD | L6: Unknown | Q6: 1 | AA6: =IF(AND(A6="Approved",B6<>"",E6<>"",F6<>"",H6<>"",P6>0,Q6>0,R6<>"",S6<>"",W6<>"",X6<>"",Y6<>"",Z6<>""),"READY","NOT READY") | AD6: Not run | AE6: DVD Title for UPC 012236047506 | AF6: https://example.com/images/012236047506.jpg
A7: Needs Source URL | C7: DVD-012236049104 | D7: 012236049104 | F7: Good | K7: DVD | L7: Unknown | Q7: 1 | AA7: =IF(AND(A7="Approved",B7<>"",E7<>"",F7<>"",H7<>"",P7>0,Q7>0,R7<>"",S7<>"",W7<>"",X7<>"",Y7<>"",Z7<>""),"READY","NOT READY") | AD7: Not run | AE7: DVD Title for UPC 012236049104 | AF7: https://example.com/images/012236049104.jpg
A8: Needs Source URL | C8: DVD-012236070820 | D8: 012236070820 | F8: Good | K8: DVD | L8: Unknown | Q8: 1 | AA8: =IF(AND(A8="Approved",B8<>"",E8<>"",F8<>"",H8<>"",P8>0,Q8>0,R8<>"",S8<>"",W8<>"",X8<>"",Y8<>"",Z8<>""),"READY","NOT READY") | AD8: Not run | AE8: DVD Title for UPC 012236070820 | AF8: https://example.com/images/012236070820.jpg
A9: Needs Source URL | C9: DVD-012236115816 | D9: 012236115816 | F9: Good | K9: DVD | L9: Unknown | Q9: 1 | AA9: =IF(AND(A9="Approved",B9<>"",E9<>"",F9<>"",H9<>"",P9>0,Q9>0,R9<>"",S9<>"",W9<>"",X9<>"",Y9<>"",Z9<>""),"READY","NOT READY") | AD9: Not run | AE9: DVD Title for UPC 012236115816 | AF9: https://example.com/images/012236115816.jpg
A10: Needs Source URL | C10: DVD-012236120513 | D10: 012236120513 | F10: Good | K10: DVD | L10: Unknown | Q10: 1 | AA10: =IF(AND(A10="Approved",B10<>"",E10<>"",F10<>"",H10<>"",P10>0,Q10>0,R10<>"",S10<>"",W10<>"",X10<>"",Y10<>"",Z10<>""),"READY","NOT READY") | AD10: Not run | AE10: DVD Title for UPC 012236120513 | AF10: https://example.com/images/012236120513.jpg
A11: Needs Source URL | C11: DVD-012236121152 | D11: 012236121152 | F11: Good | K11: DVD | L11: Unknown | Q11: 1 | AA11: =IF(AND(A11="Approved",B11<>"",E11<>"",F11<>"",H11<>"",P11>0,Q11>0,R11<>"",S11<>"",W11<>"",X11<>"",Y11<>"",Z11<>""),"READY","NOT READY") | AD11: Not run | AE11: DVD Title for UPC 012236121152 | AF11: https://example.com/images/012236121152.jpg
A12: Needs Source URL | C12: DVD-012236129363 | D12: 012236129363 | F12: Good | K12: DVD | L12: Unknown | Q12: 1 | AA12: =IF(AND(A12="Approved",B12<>"",E12<>"",F12<>"",H12<>"",P12>0,Q12>0,R12<>"",S12<>"",W12<>"",X12<>"",Y12<>"",Z12<>""),"READY","NOT READY") | AD12: Not run | AE12: DVD Title for UPC 012236129363 | AF12: https://example.com/images/012236129363.jpg
A13: Needs Source URL | C13: DVD-012236133636 | D13: 012236133636 | F13: Good | K13: DVD | L13: Unknown | Q13: 1 | AA13: =IF(AND(A13="Approved",B13<>"",E13<>"",F13<>"",H13<>"",P13>0,Q13>0,R13<>"",S13<>"",W13<>"",X13<>"",Y13<>"",Z13<>""),"READY","NOT READY") | AD13: Not run | AE13: DVD Title for UPC 012236133636 | AF13: https://example.com/images/012236133636.jpg
... A185: Needs Source URL | C185: DVD-078693682174 | D185: 078693682174 | F185: Good | K185: DVD | L185: Unknown | Q185: 1 | AA185: =IF(AND(A185="Approved",B185<>"",E185<>"",F185<>"",H185<>"",P185>0,Q185>0,R185<>"",S185<>"",W185<>"",X185<>"",Y185<>"",Z185<>""),"READY","NOT READY") | AD185: Not run | AE185: DVD Title for UPC 078693682174 | AF185: https://example.com/images/078693682174.jpg
A186: Needs Source URL | C186: DVD-078693705157 | D186: 078693705157 | F186: Good | K186: DVD | L186: Unknown | Q186: 1 | AA186: =IF(AND(A186="Approved",B186<>"",E186<>"",F186<>"",H186<>"",P186>0,Q186>0,R186<>"",S186<>"",W186<>"",X186<>"",Y186<>"",Z186<>""),"READY","NOT READY") | AD186: Not run | AE186: DVD Title for UPC 078693705

Sheet Reference Lists
A1: Review Status | B1: Condition | C1: Format | D1: Region Code | E1: Extraction Status | F1: Default Value | G1: Value
A2: Needs Source URL | B2: New | C2: DVD | D2: Region 0 / All | E2: Not run | F2: Marketplace | G2: EBAY_US
A3: Needs Review | B3: Like New | C3: Blu-ray | D3: Region 1 | E3: Fetched — review required | F3: Quantity | G3: 1
A4: Research Needed | B4: Very Good | C4: 4K UHD | D4: Region 2 | E4: No structured data found | F4: Currency | G4: USD
A5: Approved | B5: Good | C5: VHS | D5: Region 4 | E5: HTTP or access error | F5: Condition | G5: Good
A6: Do Not List | B6: Acceptable | C6: Other | D6: Unknown | E6: URL invalid | F6: Format | G6: DVD
A7: Uploaded | B7: For parts or not working

Sheet eBay Upload Review
A1: Approved Listing Staging — Map Into a Current Seller Hub Template
A3: Only rows marked Approved in Listings will appear below. Validate the destination template before uploading; eBay requirements vary by category and marketplace.
A5: SKU | B5: UPC | C5: Title | D5: Condition | E5: Category ID | F5: Price | G5: Quantity | H5: Description | I5: Image URL 1 | J5: Fulfillment Policy ID | K5: Return Policy ID | L5: Payment Policy ID | M5: Merchant Location Key
A6: =IF(Listings!$A2="Approved",Listings!C2,"") | B6: =IF(Listings!$A2="Approved",Listings!D2,"") | C6: =IF(Listings!$A2="Approved",Listings!E2,"") | D6: =IF(Listings!$A2="Approved",Listings!F2,"") | E6: =IF(Listings!$A2="Approved",Listings!H2,"") | F6: =IF(Listings!$A2="Approved",Listings!P2,"") | G6: =IF(Listings!$A2="Approved",Listings!Q2,"") | H6: =IF(Listings!$A2="Approved",Listings!R2,"") | I6: =IF(Listings!$A2="Approved",Listings!S2,"") | J6: =IF(Listings!$A2="Approved",Listings!W2,"") | K6: =IF(Listings!$A2="Approved",Listings!X2,"") | L6: =IF(Listings!$A2="Approved",Listings!Y2,"") | M6: =IF(Listings!$A2="Approved",Listings!Z2,"")
A7: =IF(Listings!$A3="Approved",Listings!C3,"") | B7: =IF(Listings!$A3="Approved",Listings!D3,"") | C7: =IF(Listings!$A3="Approved",Listings!E3,"") | D7: =IF(Listings!$A3="Approved",Listings!F3,"") | E7: =IF(Listings!$A3="Approved",Listings!H3,"") | F7: =IF(Listings!$A3="Approved",Listings!P3,"") | G7: =IF(Listings!$A3="Approved",Listings!Q3,"") | H7: =IF(Listings!$A3="Approved",Listings!R3,"") | I7: =IF(Listings!$A3="Approved",Listings!S3,"") | J7: =IF(Listings!$A3="Approved",Listings!W3,"") | K7: =IF(Listings!$A3="Approved",Listings!X3,"") | L7: =IF(Listings!$A3="Approved",Listings!Y3,"") | M7: =IF(Listings!$A3="Approved",Listings!Z3,"")
A8: =IF(Listings!$A4="Approved",Listings!C4,"") | B8: =IF(Listings!$A4="Approved",Listings!D4,"") | C8: =IF(Listings!$A4="Approved",Listings!E4,"") | D8: =IF(Listings!$A4="Approved",Listings!F4,"") | E8: =IF(Listings!$A4="Approved",Listings!H4,"") | F8: =IF(Listings!$A4="Approved",Listings!P4,"") | G8: =IF(Listings!$A4="Approved",Listings!Q4,"") | H8: =IF(Listings!$A4="Approved",Listings!R4,"") | I8: =IF(Listings!$A4="Approved",Listings!S4,"") | J8: =IF(Listings!$A4="Approved",Listings!W4,"") | K8: =IF(Listings!$A4="Approved",Listings!X4,"") | L8: =IF(Listings!$A4="Approved",Listings!Y4,"") | M8: =IF(Listings!$A4="Approved",Listings!Z4,"")
A9: =IF(Listings!$A5="Approved",Listings!C5,"") | B9: =IF(Listings!$A5="Approved",Listings!D5,"") | C9: =IF(Listings!$A5="Approved",Listings!E5,"") | D9: =IF(Listings!$A5="Approved",Listings!F5,"") | E9: =IF(Listings!$A5="Approved",Listings!H5,"") | F9: =IF(Listings!$A5="Approved",Listings!P5,"") | G9: =IF(Listings!$A5="Approved",Listings!Q5,"") | H9: =IF(Listings!$A5="Approved",Listings!R5,"") | I9: =IF(Listings!$A5="Approved",Listings!S5,"") | J9: =IF(Listings!$A5="Approved",Listings!W5,"") | K9: =IF(Listings!$A5="Approved",Listings!X5,"") | L9: =IF(Listings!$A5="Approved",Listings!Y5,"") | M9: =IF(Listings!$A5="Approved",Listings!Z5,"")
A10: =IF(Listings!$A6="Approved",Listings!C6,"") | B10: =IF(Listings!$A6="Approved",Listings!D6,"") | C10: =IF(Listings!$A6="Approved",Listings!E6,"") | D10: =IF(Listings!$A6="Approved",Listings!F6,"") | E10: =IF(Listings!$A6="Approved",Listings!H6,"") | F10: =IF(Listings!$A6="Approved",Listings!P6,"") | G10: =IF(Listings!$A6="Approved",Listings!Q6,"") | H10: =IF(Listings!$A6="Approved",Listings!R6,"") | I10: =IF(Listings!$A6="Approved",Listings!S6,"") | J10: =IF(Listings!$A6="Approved",Listings!W6,"") | K10: =IF(Listings!$A6="Approved",Listings!X6,"") | L10: =IF(Listings!$A6="Approved",Listings!Y6,"") | M10: =IF(Listings!$A6="Approved",Listings!Z6,"")
A11: =IF(Listings!$A7="Approved",Listings!C7,"") | B11: =IF(Listings!$A7="Approved",Listings!D7,"") | C11: =IF(Listings!$A7="Approved",Listings!E7,"") | D11: =IF(Listings!$A7="Approved",Listings!F7,"") | E11: =IF(Listings!$A7="Approved",Listings!H7,"") | F11: =IF(Listings!$A7="Approved",Listings!P7,"") | G11: =IF(Listings!$A7="Approved",Listings!Q7,"") | H11: =IF(Listings!$A7="Approved",Listings!R7,"") | I11: =IF(Listings!$A7="Approved",Listings!S7,"") | J11: =IF(Listings!$A7="Approved",Listings!W7,"") | K11: =IF(Listings!$A7="Approved",Listings!X7,"") | L11: =IF(Listings!$A7="Approved",Listings!Y7,"") | M11: =IF(Listings!$A7="Approved",Listings!Z7,"")
A12: =IF(Listings!$A8="Approved",Listings!C8,"") | B12: =IF(Listings!$A8="Approved",Listings!D8,"") | C12: =IF(Listings!$A8="Approved",Listings!E8,"") | D12: =IF(Listings!$A8="Approved",Listings!F8,"") | E12: =IF(Listings!$A8="Approved",Listings!H8,"") | F12: =IF(Listings!$A8="Approved",Listings!P8,"") | G12: =IF(Listings!$A8="Approved",Listings!Q8,"") | H12: =IF(Listings!$A8="Approved",Listings!R8,"") | I12: =IF(Listings!$A8="Approved",Listings!S8,"") | J12: =IF(Listings!$A8="Approved",Listings!W8,"") | K12: =IF(Listings!$A8="Approved",Listings!X8,"") | L12: =IF(Listings!$A8="Approved",Listings!Y8,"") | M12: =IF(Listings!$A8="Approved",Listings!Z8,"")
A13: =IF(Listings!$A9="Approved",Listings!C9,"") | B13: =IF(Listings!$A9="Approved",Listings!D9,"") | C13: =IF(Listings!$A9="Approved",Listings!E9,"") | D13: =IF(Listings!$A9="Approved",Listings!F9,"") | E13: =IF(Listings!$A9="Approved",Listings!H9,"") | F13: =IF(Listings!$A9="Approved",Listings!P9,"") | G13: =IF(Listings!$A9="Approved",Listings!Q9,"") | H13: =IF(Listings!$A9="Approved",Listings!R9,"") | I13: =IF(Listings!$A9="Approved",Listings!S9,"") | J13: =IF(Listings!$A9="Approved",Listings!W9,"") | K13: =IF(Listings!$A9="Approved",Listings!X9,"") | L13: =IF(Listings!$A9="Approved",Listings!Y9,"") | M13: =IF(Listings!$A9="Approved",Listings!Z9,"")
A14: =IF(Listings!$A10="Approved",Listings!C10,"") | B14: =IF(Listings!$A10="Approved",Listings!D10,"") | C14: =IF(Listings!$A10="Approved",Listings!E10,"") | D14: =IF(Listings!$A10="Approved",Listings!F10,"") | E14: =IF(Listings!$A10="Approved",Listings!H10,"") | F14: =IF(Listings!$A10="Approved",Listings!P10,"") | G14: =IF(Listings!$A10="Approved",Listings!Q10,"") | H14: =IF(Listings!$A10="Approved",Listings!R10,"") | I14: =IF(Listings!$A10="Approved",Listings!S10,"") | J14: =IF(Listings!$A10="Approved",Listings!W10,"") | K14: =IF(Listings!$A10="Approved",Listings!X10,"") | L14: =IF(Listings!$A10="Approved",Listings!Y10,"") | M14: =IF(Listings!$A10="Approved",Listings!Z10,"")
A15: =IF(Listings!$A11="Approved",Listings!C11,"") | B15: =IF(Listings!$A11="Approved",Listings!D11,"") | C15: =IF(Listings!$A11="Approved",Listings!E11,"") | D15: =IF(Listings!$A11="Approved",Listings!F11,"") | E15: =IF(Listings!$A11="Approved",Listings!H11,"") | F15: =IF(Listings!$A11="Approved",Listings!P11,"") | G15: =IF(Listings!$A11="Approved",Listings!Q11,"") | H15: =IF(Listings!$A11="Approved",Listings!R11,"") | I15: =IF(Listings!$A11="Approved",Listings!S11,"") | J15: =IF(Listings!$A11="Approved",Listings!W11,"") | K15: =IF(Listings!$A11="Approved",Listings!X11,"") | L15: =IF(Listings!$A11="Approved",Listings!Y11,"") | M15: =IF(Listings!$A11="Approved",Listings!Z11,"")
A16: =IF(Listings!$A12="Approved",Listings!C12,"") | B16: =IF(Listings!$A12="Approved",Listings!D12,"") | C16: =IF(Listings!$A12="Approved",Listings!E12,"") | D16: =IF(Listings!$A12="Approved",Listings!F12,"") | E16: =IF(Listings!$A12="Approved",Listings!H12,"") | F16: =IF(Listings!$A12="Approved",Listings!P12,"") | G16: =IF(Listings!$A12="Approved",Listings!Q12,"") | H16: =IF(Listings!$A12="Approved",Listings!R12,"") | I16: =IF(Listings!$A12="Approved",Listings!S12,"") | J16: =IF(Listings!$A12="Approved",Listings!W12,"") | K16: =IF(Listings!$A12="Approved",Listings!X12,"") | L16: =IF(Listings!$A12="Approved",Listings!Y12,"") | M16: =IF(Listings!$A12="Approved",Listings!Z12,"")
A17: =IF(Listings!$A13="Approved",Listings!C13,"") | B17: =IF(Listings!$A13="Approved",Listings!D13,"") | C17: =IF(Listings!$A13="Approved",Listings!E13,"") | D17: =IF(Listings!$A13="Approved",Listings!F13,"") | E17: =IF(Listings!$A13="Approved",Listings!H13,"") | F17: =IF(Listings!$A13="Approved",Listings!P13,"") | G17: =IF(Listings!$A13="Approved",Listings!Q13,"") | H17: =IF(Listings!$A13="Approved",Listings!R13,"") | I17: =IF(Listings!$A13="Approved",Listings!S13,"") | J17: =IF(Listings!$A13="Approved",Listings!W13,"") | K17: =IF(Listings!$A13="Approved",Listings!X13,"") | L17: =IF(Listings!$A13="Approved",Listings!Y13,"") | M17: =IF(Listings!$A13="Approved",Listings!Z13,"")
... A190: =IF(Listings!$A186="Approved",Listings!C186,"") | B190: =IF(Listings!$A186="Approved",Listings!D186,"") | C190: =IF(Listings!$A186="Approved",Listings!E186,"") | D190: =IF(Listings!$A186="Approved",Listings!F186,"") | E190: =IF(Listings!$A186="Approved",Listings!H186,"") | F190: =IF(Listings!$A186="Approved",Listings!P186,"") | G190: =IF(Listings!$A186="Approved",Listings!Q186,"") | H190: =IF(Listings!$A186="Approved",Listings!R186,"") | I190: =IF(Listings!$A186="Approved",Listings!S186,"") | J190: =IF(Listings!$A186="Approved",Listings!W186,"") | K190: =IF(Listings!$A186="Approved",Listings!X186,"") | L190: =IF(Listings!$A186="Approved",Listings!Y186,"") | M190: =IF(Listings!$A186="Approved",Listings!Z186,"")
